,apmc,commodity,year,month,arrivals_in_qtl,min_price,max_price,modal_price,date,district_name,state_name,monthnum,type,msprice,msp_filter,apmc_comd
19990,Ahmedpur,safflower,2016,January,3,2050.0,2050.0,2050.0,2016-01,Latur,Maharashtra,1,Rabi Crops,3300.0,1,safflower_Ahmedpur
19985,Ahmedpur,safflower,2016,February,42,2555.0,2558.0,2558.0,2016-02,Latur,Maharashtra,2,Rabi Crops,3300.0,1,safflower_Ahmedpur
20001,Ahmedpur,safflower,2016,March,10,2384.0,2451.0,2451.0,2016-03,Latur,Maharashtra,3,Rabi Crops,3300.0,1,safflower_Ahmedpur
19976,Ahmedpur,safflower,2016,April,9,2463.0,2463.0,2463.0,2016-04,Latur,Maharashtra,4,Rabi Crops,3300.0,1,safflower_Ahmedpur
15956,Ahmedpur,safflower,2015,June,2,2300.0,2300.0,2300.0,2015-06,Latur,Maharashtra,6,Rabi Crops,3300.0,1,safflower_Ahmedpur
15954,Ahmedpur,safflower,2015,July,2,2175.0,2175.0,2175.0,2015-07,Latur,Maharashtra,7,Rabi Crops,3300.0,1,safflower_Ahmedpur
19994,Ahmedpur,safflower,2016,July,4,2100.0,2100.0,2100.0,2016-07,Latur,Maharashtra,7,Rabi Crops,3300.0,1,safflower_Ahmedpur
15945,Ahmedpur,safflower,2015,August,2,2376.0,2376.0,2376.0,2015-08,Latur,Maharashtra,8,Rabi Crops,3300.0,1,safflower_Ahmedpur
19981,Ahmedpur,safflower,2016,August,1,2350.0,2350.0,2350.0,2016-08,Latur,Maharashtra,8,Rabi Crops,3300.0,1,safflower_Ahmedpur
15971,Ahmedpur,safflower,2015,September,2,2301.0,2301.0,2301.0,2015-09,Latur,Maharashtra,9,Rabi Crops,3300.0,1,safflower_Ahmedpur
15968,Ahmedpur,safflower,2015,October,15,2520.0,2520.0,2520.0,2015-10,Latur,Maharashtra,10,Rabi Crops,3300.0,1,safflower_Ahmedpur
15962,Ahmedpur,safflower,2015,November,12,2451.0,2451.0,2451.0,2015-11,Latur,Maharashtra,11,Rabi Crops,3300.0,1,safflower_Ahmedpur
20087,Ahmedpur,safflower,2016,November,2,2700.0,2700.0,2700.0,2016-11,Latur,Maharashtra,11,Rabi Crops,3300.0,1,safflower_Ahmedpur
20102,Ahmedpur,safflower,2014,November,2,2201.0,2351.0,2276.0,2014-11,Latur,Maharashtra,11,Rabi Crops,3050.0,1,safflower_Ahmedpur
15947,Ahmedpur,safflower,2015,December,18,2350.0,2412.0,2412.0,2015-12,Latur,Maharashtra,12,Rabi Crops,3300.0,1,safflower_Ahmedpur
15887,Akola,safflower,2015,February,20,1800.0,1800.0,1800.0,2015-02,Akola,Maharashtra,2,Rabi Crops,3300.0,1,safflower_Akola
19923,Akola,safflower,2016,February,32,1850.0,1875.0,1875.0,2016-02,Akola,Maharashtra,2,Rabi Crops,3300.0,1,safflower_Akola
15890,Akola,safflower,2015,March,6,2400.0,2400.0,2400.0,2015-03,Akola,Maharashtra,3,Rabi Crops,3300.0,1,safflower_Akola
19924,Akola,safflower,2016,March,179,1975.0,2161.0,2061.0,2016-03,Akola,Maharashtra,3,Rabi Crops,3300.0,1,safflower_Akola
15885,Akola,safflower,2015,April,100,2358.0,2442.0,2392.0,2015-04,Akola,Maharashtra,4,Rabi Crops,3300.0,1,safflower_Akola
19926,Akola,safflower,2016,May,28,1811.0,1811.0,1811.0,2016-05,Akola,Maharashtra,5,Rabi Crops,3300.0,1,safflower_Akola
15889,Akola,safflower,2015,June,11,2250.0,2250.0,2250.0,2015-06,Akola,Maharashtra,6,Rabi Crops,3300.0,1,safflower_Akola
15893,Akola,safflower,2015,November,1,2100.0,2100.0,2100.0,2015-11,Akola,Maharashtra,11,Rabi Crops,3300.0,1,safflower_Akola
20084,Akola,safflower,2016,November,26,2067.0,2067.0,2067.0,2016-11,Akola,Maharashtra,11,Rabi Crops,3300.0,1,safflower_Akola
15912,Ambejogai,safflower,2015,February,1,2450.0,2450.0,2450.0,2015-02,Beed,Maharashtra,2,Rabi Crops,3300.0,1,safflower_Ambejogai
15914,Ambejogai,safflower,2015,March,13,2474.0,2498.0,2486.0,2015-03,Beed,Maharashtra,3,Rabi Crops,3300.0,1,safflower_Ambejogai
15908,Ambejogai,safflower,2015,April,11,2363.0,2488.0,2453.0,2015-04,Beed,Maharashtra,4,Rabi Crops,3300.0,1,safflower_Ambejogai
15917,Ambejogai,safflower,2015,May,3,2100.0,2400.0,2300.0,2015-05,Beed,Maharashtra,5,Rabi Crops,3300.0,1,safflower_Ambejogai
20095,Ambejogai,safflower,2014,September,18,2715.0,2718.0,2715.0,2014-09,Beed,Maharashtra,9,Rabi Crops,3050.0,1,safflower_Ambejogai
20094,Ambejogai,safflower,2014,October,5,2250.0,2300.0,2283.0,2014-10,Beed,Maharashtra,10,Rabi Crops,3050.0,1,safflower_Ambejogai
20093,Ambejogai,safflower,2014,December,5,2400.0,2400.0,2400.0,2014-12,Beed,Maharashtra,12,Rabi Crops,3050.0,1,safflower_Ambejogai
19997,Aurad Shahajani,safflower,2016,June,14,2700.0,2771.0,2735.0,2016-06,Latur,Maharashtra,6,Rabi Crops,3300.0,1,safflower_Aurad Shahajani
15953,Ausa,safflower,2015,January,16,2299.0,2509.0,2396.0,2015-01,Latur,Maharashtra,1,Rabi Crops,3300.0,1,safflower_Ausa
19991,Ausa,safflower,2016,January,35,2591.0,2806.0,2688.0,2016-01,Latur,Maharashtra,1,Rabi Crops,3300.0,1,safflower_Ausa
15951,Ausa,safflower,2015,February,19,2451.0,2626.0,2526.0,2015-02,Latur,Maharashtra,2,Rabi Crops,3300.0,1,safflower_Ausa
19986,Ausa,safflower,2016,February,121,2635.0,2813.0,2725.0,2016-02,Latur,Maharashtra,2,Rabi Crops,3300.0,1,safflower_Ausa
15959,Ausa,safflower,2015,March,330,2448.0,2616.0,2549.0,2015-03,Latur,Maharashtra,3,Rabi Crops,3300.0,1,safflower_Ausa
20002,Ausa,safflower,2016,March,189,2476.0,2697.0,2625.0,2016-03,Latur,Maharashtra,3,Rabi Crops,3300.0,1,safflower_Ausa
15944,Ausa,safflower,2015,April,250,2504.0,2681.0,2623.0,2015-04,Latur,Maharashtra,4,Rabi Crops,3300.0,1,safflower_Ausa
19977,Ausa,safflower,2016,April,147,2644.0,2810.0,2749.0,2016-04,Latur,Maharashtra,4,Rabi Crops,3300.0,1,safflower_Ausa
15960,Ausa,safflower,2015,May,156,2535.0,2680.0,2617.0,2015-05,Latur,Maharashtra,5,Rabi Crops,3300.0,1,safflower_Ausa
20007,Ausa,safflower,2016,May,86,2702.0,2874.0,2797.0,2016-05,Latur,Maharashtra,5,Rabi Crops,3300.0,1,safflower_Ausa
15957,Ausa,safflower,2015,June,78,2432.0,2560.0,2516.0,2015-06,Latur,Maharashtra,6,Rabi Crops,3300.0,1,safflower_Ausa
19998,Ausa,safflower,2016,June,21,2631.0,2761.0,2695.0,2016-06,Latur,Maharashtra,6,Rabi Crops,3300.0,1,safflower_Ausa
15955,Ausa,safflower,2015,July,26,2397.0,2439.0,2419.0,2015-07,Latur,Maharashtra,7,Rabi Crops,3300.0,1,safflower_Ausa
19995,Ausa,safflower,2016,July,7,2606.0,2801.0,2726.0,2016-07,Latur,Maharashtra,7,Rabi Crops,3300.0,1,safflower_Ausa
15946,Ausa,safflower,2015,August,29,2227.0,2481.0,2419.0,2015-08,Latur,Maharashtra,8,Rabi Crops,3300.0,1,safflower_Ausa
19982,Ausa,safflower,2016,August,32,2552.0,2737.0,2654.0,2016-08,Latur,Maharashtra,8,Rabi Crops,3300.0,1,safflower_Ausa
15972,Ausa,safflower,2015,September,26,2407.0,2507.0,2476.0,2015-09,Latur,Maharashtra,9,Rabi Crops,3300.0,1,safflower_Ausa
20012,Ausa,safflower,2016,September,28,2671.0,2793.0,2726.0,2016-09,Latur,Maharashtra,9,Rabi Crops,3300.0,1,safflower_Ausa
20107,Ausa,safflower,2014,September,69,2342.0,2514.0,2456.0,2014-09,Latur,Maharashtra,9,Rabi Crops,3050.0,1,safflower_Ausa
15969,Ausa,safflower,2015,October,7,2551.0,2711.0,2651.0,2015-10,Latur,Maharashtra,10,Rabi Crops,3300.0,1,safflower_Ausa
20105,Ausa,safflower,2014,October,84,2287.0,2386.0,2336.0,2014-10,Latur,Maharashtra,10,Rabi Crops,3050.0,1,safflower_Ausa
15963,Ausa,safflower,2015,November,31,2560.0,2690.0,2654.0,2015-11,Latur,Maharashtra,11,Rabi Crops,3300.0,1,safflower_Ausa
20088,Ausa,safflower,2016,November,11,2669.0,2806.0,2724.0,2016-11,Latur,Maharashtra,11,Rabi Crops,3300.0,1,safflower_Ausa
20103,Ausa,safflower,2014,November,26,2286.0,2460.0,2367.0,2014-11,Latur,Maharashtra,11,Rabi Crops,3050.0,1,safflower_Ausa
15948,Ausa,safflower,2015,December,18,2654.0,2853.0,2760.0,2015-12,Latur,Maharashtra,12,Rabi Crops,3300.0,1,safflower_Ausa
20101,Ausa,safflower,2014,December,25,2341.0,2397.0,2368.0,2014-12,Latur,Maharashtra,12,Rabi Crops,3050.0,1,safflower_Ausa
20062,Baramati,safflower,2016,February,1,2800.0,2800.0,2800.0,2016-02,Pune,Maharashtra,2,Rabi Crops,3300.0,1,safflower_Baramati
20065,Baramati,safflower,2016,March,4,2900.0,2900.0,2900.0,2016-03,Pune,Maharashtra,3,Rabi Crops,3300.0,1,safflower_Baramati
16013,Baramati,safflower,2015,May,2,2800.0,2800.0,2800.0,2015-05,Pune,Maharashtra,5,Rabi Crops,3300.0,1,safflower_Baramati
16011,Baramati,safflower,2015,June,1,2200.0,2200.0,2200.0,2015-06,Pune,Maharashtra,6,Rabi Crops,3300.0,1,safflower_Baramati
16014,Baramati,safflower,2015,September,19,2951.0,2951.0,2951.0,2015-09,Pune,Maharashtra,9,Rabi Crops,3300.0,1,safflower_Baramati
20073,Barshi,safflower,2016,January,31,2600.0,2750.0,2600.0,2016-01,Solapur,Maharashtra,1,Rabi Crops,3300.0,1,safflower_Barshi
16018,Barshi,safflower,2015,March,3,2525.0,2525.0,2525.0,2015-03,Solapur,Maharashtra,3,Rabi Crops,3300.0,1,safflower_Barshi
20070,Barshi,safflower,2016,April,8,2550.0,2550.0,2550.0,2016-04,Solapur,Maharashtra,4,Rabi Crops,3300.0,1,safflower_Barshi
20079,Barshi,safflower,2016,May,11,2825.0,2825.0,2825.0,2016-05,Solapur,Maharashtra,5,Rabi Crops,3300.0,1,safflower_Barshi
20076,Barshi,safflower,2016,June,26,2925.0,2925.0,2925.0,2016-06,Solapur,Maharashtra,6,Rabi Crops,3300.0,1,safflower_Barshi
16020,Barshi,safflower,2015,October,15,2756.0,2756.0,2756.0,2015-10,Solapur,Maharashtra,10,Rabi Crops,3300.0,1,safflower_Barshi
20080,Barshi,safflower,2016,October,2,2600.0,2600.0,2600.0,2016-10,Solapur,Maharashtra,10,Rabi Crops,3300.0,1,safflower_Barshi
16019,Barshi,safflower,2015,November,3,2775.0,2775.0,2775.0,2015-11,Solapur,Maharashtra,11,Rabi Crops,3300.0,1,safflower_Barshi
20074,Barshi-Vairag,safflower,2016,January,1,2310.0,2310.0,2310.0,2016-01,Solapur,Maharashtra,1,Rabi Crops,3300.0,1,safflower_Barshi-Vairag
20072,Barshi-Vairag,safflower,2016,February,1,2425.0,2425.0,2425.0,2016-02,Solapur,Maharashtra,2,Rabi Crops,3300.0,1,safflower_Barshi-Vairag
20078,Barshi-Vairag,safflower,2016,March,4,2345.0,2345.0,2345.0,2016-03,Solapur,Maharashtra,3,Rabi Crops,3300.0,1,safflower_Barshi-Vairag
20071,Barshi-Vairag,safflower,2016,April,2,2400.0,2400.0,2400.0,2016-04,Solapur,Maharashtra,4,Rabi Crops,3300.0,1,safflower_Barshi-Vairag
20077,Barshi-Vairag,safflower,2016,June,1,2311.0,2311.0,2311.0,2016-06,Solapur,Maharashtra,6,Rabi Crops,3300.0,1,safflower_Barshi-Vairag
16017,Barshi-Vairag,safflower,2015,July,3,3000.0,3000.0,3000.0,2015-07,Solapur,Maharashtra,7,Rabi Crops,3300.0,1,safflower_Barshi-Vairag
20075,Barshi-Vairag,safflower,2016,July,1,2450.0,2450.0,2450.0,2016-07,Solapur,Maharashtra,7,Rabi Crops,3300.0,1,safflower_Barshi-Vairag
20081,Barshi-Vairag,safflower,2016,October,1,2000.0,2000.0,2000.0,2016-10,Solapur,Maharashtra,10,Rabi Crops,3300.0,1,safflower_Barshi-Vairag
20130,Barshi-Vairag,safflower,2014,November,4,2331.0,2331.0,2331.0,2014-11,Solapur,Maharashtra,11,Rabi Crops,3050.0,1,safflower_Barshi-Vairag
20059,Bori,safflower,2016,October,1,2300.0,2300.0,2300.0,2016-10,Parbhani,Maharashtra,10,Rabi Crops,3300.0,1,safflower_Bori
20083,Bori,safflower,2016,November,3,2200.0,2200.0,2200.0,2016-11,Parbhani,Maharashtra,11,Rabi Crops,3300.0,1,safflower_Bori
19928,Daryapur,safflower,2016,March,9,2100.0,2100.0,2100.0,2016-03,Amaravathi,Maharashtra,3,Rabi Crops,3300.0,1,safflower_Daryapur
15895,Daryapur,safflower,2015,June,6,2100.0,2100.0,2100.0,2015-06,Amaravathi,Maharashtra,6,Rabi Crops,3300.0,1,safflower_Daryapur
19927,Daryapur,safflower,2016,June,33,1800.0,1800.0,1800.0,2016-06,Amaravathi,Maharashtra,6,Rabi Crops,3300.0,1,safflower_Daryapur
15894,Daryapur,safflower,2015,July,12,2412.0,2412.0,2412.0,2015-07,Amaravathi,Maharashtra,7,Rabi Crops,3300.0,1,safflower_Daryapur
20089,Devani,safflower,2016,November,1,2600.0,2600.0,2600.0,2016-11,Latur,Maharashtra,11,Rabi Crops,3300.0,1,safflower_Devani
15949,Devani,safflower,2015,December,1,2680.0,2680.0,2680.0,2015-12,Latur,Maharashtra,12,Rabi Crops,3300.0,1,safflower_Devani
15913,Gevrai,safflower,2015,January,2,2101.0,2101.0,2101.0,2015-01,Beed,Maharashtra,1,Rabi Crops,3300.0,1,safflower_Gevrai
15915,Gevrai,safflower,2015,March,1,1500.0,2000.0,1800.0,2015-03,Beed,Maharashtra,3,Rabi Crops,3300.0,1,safflower_Gevrai
19952,Gevrai,safflower,2016,March,41,2154.0,2212.0,2194.0,2016-03,Beed,Maharashtra,3,Rabi Crops,3300.0,1,safflower_Gevrai
15909,Gevrai,safflower,2015,April,2,2050.0,2050.0,2050.0,2015-04,Beed,Maharashtra,4,Rabi Crops,3300.0,1,safflower_Gevrai
19945,Gevrai,safflower,2016,April,20,2222.0,2259.0,2247.0,2016-04,Beed,Maharashtra,4,Rabi Crops,3300.0,1,safflower_Gevrai
15918,Gevrai,safflower,2015,May,11,2200.0,2200.0,2200.0,2015-05,Beed,Maharashtra,5,Rabi Crops,3300.0,1,safflower_Gevrai
19955,Gevrai,safflower,2016,May,20,2290.0,2316.0,2293.0,2016-05,Beed,Maharashtra,5,Rabi Crops,3300.0,1,safflower_Gevrai
19951,Gevrai,safflower,2016,June,9,2059.0,2059.0,2059.0,2016-06,Beed,Maharashtra,6,Rabi Crops,3300.0,1,safflower_Gevrai
15910,Gevrai,safflower,2015,August,1,2400.0,2400.0,2400.0,2015-08,Beed,Maharashtra,8,Rabi Crops,3300.0,1,safflower_Gevrai
19948,Gevrai,safflower,2016,August,2,2650.0,2650.0,2650.0,2016-08,Beed,Maharashtra,8,Rabi Crops,3300.0,1,safflower_Gevrai
15921,Gevrai,safflower,2015,October,4,2748.0,2748.0,2748.0,2015-10,Beed,Maharashtra,10,Rabi Crops,3300.0,1,safflower_Gevrai
20066,Indapur,safflower,2016,March,1,2551.0,2551.0,2551.0,2016-03,Pune,Maharashtra,3,Rabi Crops,3300.0,1,safflower_Indapur
20067,Indapur,safflower,2016,May,2,3050.0,3050.0,3050.0,2016-05,Pune,Maharashtra,5,Rabi Crops,3300.0,1,safflower_Indapur
16010,Indapur-Bhigwan,safflower,2015,April,2,2950.0,2950.0,2950.0,2015-04,Pune,Maharashtra,4,Rabi Crops,3300.0,1,safflower_Indapur-Bhigwan
20068,Indapur-Bhigwan,safflower,2016,May,2,2551.0,2551.0,2551.0,2016-05,Pune,Maharashtra,5,Rabi Crops,3300.0,1,safflower_Indapur-Bhigwan
16012,Indapur-Bhigwan,safflower,2015,June,1,1500.0,1500.0,1500.0,2015-06,Pune,Maharashtra,6,Rabi Crops,3300.0,1,safflower_Indapur-Bhigwan
20063,Indapur-Bhigwan,safflower,2016,June,1,2500.0,2500.0,2500.0,2016-06,Pune,Maharashtra,6,Rabi Crops,3300.0,1,safflower_Indapur-Bhigwan
16015,Indapur-Bhigwan,safflower,2015,September,1,2600.0,2600.0,2600.0,2015-09,Pune,Maharashtra,9,Rabi Crops,3300.0,1,safflower_Indapur-Bhigwan
20069,Indapur-Bhigwan,safflower,2016,September,2,2851.0,2851.0,2851.0,2016-09,Pune,Maharashtra,9,Rabi Crops,3300.0,1,safflower_Indapur-Bhigwan
20129,Indapur-Bhigwan,safflower,2014,November,1,2500.0,2500.0,2500.0,2014-11,Pune,Maharashtra,11,Rabi Crops,3050.0,1,safflower_Indapur-Bhigwan
15935,Jalna,safflower,2015,January,2,2400.0,2400.0,2400.0,2015-01,Jalna,Maharashtra,1,Rabi Crops,3300.0,1,safflower_Jalna
19968,Jalna,safflower,2016,January,4,2475.0,2475.0,2475.0,2016-01,Jalna,Maharashtra,1,Rabi Crops,3300.0,1,safflower_Jalna
15934,Jalna,safflower,2015,February,1,2300.0,2300.0,2300.0,2015-02,Jalna,Maharashtra,2,Rabi Crops,3300.0,1,safflower_Jalna
19966,Jalna,safflower,2016,February,9,2350.0,2350.0,2350.0,2016-02,Jalna,Maharashtra,2,Rabi Crops,3300.0,1,safflower_Jalna
15939,Jalna,safflower,2015,March,5,2475.0,2475.0,2475.0,2015-03,Jalna,Maharashtra,3,Rabi Crops,3300.0,1,safflower_Jalna
19971,Jalna,safflower,2016,March,81,2449.0,2449.0,2449.0,2016-03,Jalna,Maharashtra,3,Rabi Crops,3300.0,1,safflower_Jalna
15931,Jalna,safflower,2015,April,42,2375.0,2405.0,2405.0,2015-04,Jalna,Maharashtra,4,Rabi Crops,3300.0,1,safflower_Jalna
19963,Jalna,safflower,2016,April,12,2525.0,2600.0,2600.0,2016-04,Jalna,Maharashtra,4,Rabi Crops,3300.0,1,safflower_Jalna
15940,Jalna,safflower,2015,May,118,2368.0,2393.0,2368.0,2015-05,Jalna,Maharashtra,5,Rabi Crops,3300.0,1,safflower_Jalna
19973,Jalna,safflower,2016,May,18,2565.0,2565.0,2565.0,2016-05,Jalna,Maharashtra,5,Rabi Crops,3300.0,1,safflower_Jalna
15937,Jalna,safflower,2015,June,16,2363.0,2363.0,2363.0,2015-06,Jalna,Maharashtra,6,Rabi Crops,3300.0,1,safflower_Jalna
19970,Jalna,safflower,2016,June,25,2506.0,2531.0,2506.0,2016-06,Jalna,Maharashtra,6,Rabi Crops,3300.0,1,safflower_Jalna
19969,Jalna,safflower,2016,July,4,2500.0,2500.0,2500.0,2016-07,Jalna,Maharashtra,7,Rabi Crops,3300.0,1,safflower_Jalna
15932,Jalna,safflower,2015,August,25,2250.0,2250.0,2250.0,2015-08,Jalna,Maharashtra,8,Rabi Crops,3300.0,1,safflower_Jalna
19965,Jalna,safflower,2016,August,10,2513.0,2513.0,2513.0,2016-08,Jalna,Maharashtra,8,Rabi Crops,3300.0,1,safflower_Jalna
15943,Jalna,safflower,2015,September,14,2192.0,2192.0,2192.0,2015-09,Jalna,Maharashtra,9,Rabi Crops,3300.0,1,safflower_Jalna
19975,Jalna,safflower,2016,September,5,2650.0,2650.0,2650.0,2016-09,Jalna,Maharashtra,9,Rabi Crops,3300.0,1,safflower_Jalna
15942,Jalna,safflower,2015,October,28,2100.0,2100.0,2100.0,2015-10,Jalna,Maharashtra,10,Rabi Crops,3300.0,1,safflower_Jalna
19974,Jalna,safflower,2016,October,1,2600.0,2600.0,2600.0,2016-10,Jalna,Maharashtra,10,Rabi Crops,3300.0,1,safflower_Jalna
20099,Jalna,safflower,2014,October,11,2200.0,2200.0,2200.0,2014-10,Jalna,Maharashtra,10,Rabi Crops,3050.0,1,safflower_Jalna
15941,Jalna,safflower,2015,November,15,2270.0,2270.0,2270.0,2015-11,Jalna,Maharashtra,11,Rabi Crops,3300.0,1,safflower_Jalna
15933,Jalna,safflower,2015,December,1021,3050.0,3650.0,3550.0,2015-12,Jalna,Maharashtra,12,Rabi Crops,3300.0,1,safflower_Jalna
20097,Jalna,safflower,2014,December,5,2275.0,2275.0,2275.0,2014-12,Jalna,Maharashtra,12,Rabi Crops,3050.0,1,safflower_Jalna
16003,Jintur,safflower,2015,February,9,2050.0,2076.0,2050.0,2015-02,Parbhani,Maharashtra,2,Rabi Crops,3300.0,1,safflower_Jintur
16000,Jintur,safflower,2015,April,1,2650.0,2650.0,2650.0,2015-04,Parbhani,Maharashtra,4,Rabi Crops,3300.0,1,safflower_Jintur
20042,Jintur,safflower,2016,April,3,2200.0,2400.0,2300.0,2016-04,Parbhani,Maharashtra,4,Rabi Crops,3300.0,1,safflower_Jintur
20124,Jintur,safflower,2014,October,4,2342.0,2342.0,2342.0,2014-10,Parbhani,Maharashtra,10,Rabi Crops,3050.0,1,safflower_Jintur
20121,Jintur,safflower,2014,November,3,2351.0,2351.0,2351.0,2014-11,Parbhani,Maharashtra,11,Rabi Crops,3050.0,1,safflower_Jintur
16004,Jintur-Bori,safflower,2015,January,1,2560.0,2560.0,2560.0,2015-01,Parbhani,Maharashtra,1,Rabi Crops,3300.0,1,safflower_Jintur-Bori
20046,Jintur-Bori,safflower,2016,February,3,2050.0,2050.0,2050.0,2016-02,Parbhani,Maharashtra,2,Rabi Crops,3300.0,1,safflower_Jintur-Bori
16006,Jintur-Bori,safflower,2015,March,13,2521.0,2551.0,2551.0,2015-03,Parbhani,Maharashtra,3,Rabi Crops,3300.0,1,safflower_Jintur-Bori
20051,Jintur-Bori,safflower,2016,March,9,2150.0,2150.0,2150.0,2016-03,Parbhani,Maharashtra,3,Rabi Crops,3300.0,1,safflower_Jintur-Bori
16001,Jintur-Bori,safflower,2015,April,20,2688.0,2688.0,2688.0,2015-04,Parbhani,Maharashtra,4,Rabi Crops,3300.0,1,safflower_Jintur-Bori
16009,Jintur-Bori,safflower,2015,May,5,2596.0,2596.0,2596.0,2015-05,Parbhani,Maharashtra,5,Rabi Crops,3300.0,1,safflower_Jintur-Bori
20055,Jintur-Bori,safflower,2016,May,2,2400.0,2400.0,2400.0,2016-05,Parbhani,Maharashtra,5,Rabi Crops,3300.0,1,safflower_Jintur-Bori
16005,Jintur-Bori,safflower,2015,June,2,2525.0,2525.0,2525.0,2015-06,Parbhani,Maharashtra,6,Rabi Crops,3300.0,1,safflower_Jintur-Bori
20127,Jintur-Bori,safflower,2014,September,23,2101.0,2101.0,2101.0,2014-09,Parbhani,Maharashtra,9,Rabi Crops,3050.0,1,safflower_Jintur-Bori
20125,Jintur-Bori,safflower,2014,October,7,2451.0,2451.0,2451.0,2014-10,Parbhani,Maharashtra,10,Rabi Crops,3050.0,1,safflower_Jintur-Bori
20122,Jintur-Bori,safflower,2014,November,18,2381.0,2381.0,2381.0,2014-11,Parbhani,Maharashtra,11,Rabi Crops,3050.0,1,safflower_Jintur-Bori
20120,Jintur-Bori,safflower,2014,December,9,2463.0,2463.0,2463.0,2014-12,Parbhani,Maharashtra,12,Rabi Crops,3050.0,1,safflower_Jintur-Bori
15923,Kada,safflower,2015,September,1,2351.0,2351.0,2351.0,2015-09,Beed,Maharashtra,9,Rabi Crops,3300.0,1,safflower_Kada
15983,Kalamb (Os),safflower,2015,January,12,2758.0,2831.0,2815.0,2015-01,Osmanabad,Maharashtra,1,Rabi Crops,3300.0,1,safflower_Kalamb (Os)
20029,Kalamb (Os),safflower,2016,January,17,2464.0,2517.0,2513.0,2016-01,Osmanabad,Maharashtra,1,Rabi Crops,3300.0,1,safflower_Kalamb (Os)
15981,Kalamb (Os),safflower,2015,February,14,2448.0,2510.0,2510.0,2015-02,Osmanabad,Maharashtra,2,Rabi Crops,3300.0,1,safflower_Kalamb (Os)
20026,Kalamb (Os),safflower,2016,February,82,2556.0,2624.0,2618.0,2016-02,Osmanabad,Maharashtra,2,Rabi Crops,3300.0,1,safflower_Kalamb (Os)
15989,Kalamb (Os),safflower,2015,March,54,2586.0,2693.0,2667.0,2015-03,Osmanabad,Maharashtra,3,Rabi Crops,3300.0,1,safflower_Kalamb (Os)
20036,Kalamb (Os),safflower,2016,March,82,2495.0,2540.0,2526.0,2016-03,Osmanabad,Maharashtra,3,Rabi Crops,3300.0,1,safflower_Kalamb (Os)
15975,Kalamb (Os),safflower,2015,April,52,2568.0,2620.0,2613.0,2015-04,Osmanabad,Maharashtra,4,Rabi Crops,3300.0,1,safflower_Kalamb (Os)
20021,Kalamb (Os),safflower,2016,April,75,2536.0,2644.0,2605.0,2016-04,Osmanabad,Maharashtra,4,Rabi Crops,3300.0,1,safflower_Kalamb (Os)
15992,Kalamb (Os),safflower,2015,May,27,2547.0,2575.0,2573.0,2015-05,Osmanabad,Maharashtra,5,Rabi Crops,3300.0,1,safflower_Kalamb (Os)
20038,Kalamb (Os),safflower,2016,May,49,2568.0,2709.0,2627.0,2016-05,Osmanabad,Maharashtra,5,Rabi Crops,3300.0,1,safflower_Kalamb (Os)
15987,Kalamb (Os),safflower,2015,June,9,2405.0,2419.0,2414.0,2015-06,Osmanabad,Maharashtra,6,Rabi Crops,3300.0,1,safflower_Kalamb (Os)
20034,Kalamb (Os),safflower,2016,June,28,2589.0,2611.0,2606.0,2016-06,Osmanabad,Maharashtra,6,Rabi Crops,3300.0,1,safflower_Kalamb (Os)
15985,Kalamb (Os),safflower,2015,July,2,2406.0,2406.0,2406.0,2015-07,Osmanabad,Maharashtra,7,Rabi Crops,3300.0,1,safflower_Kalamb (Os)
20033,Kalamb (Os),safflower,2016,July,2,2606.0,2606.0,2606.0,2016-07,Osmanabad,Maharashtra,7,Rabi Crops,3300.0,1,safflower_Kalamb (Os)
15977,Kalamb (Os),safflower,2015,August,5,2344.0,2344.0,2344.0,2015-08,Osmanabad,Maharashtra,8,Rabi Crops,3300.0,1,safflower_Kalamb (Os)
20024,Kalamb (Os),safflower,2016,August,7,2477.0,2488.0,2488.0,2016-08,Osmanabad,Maharashtra,8,Rabi Crops,3300.0,1,safflower_Kalamb (Os)
15998,Kalamb (Os),safflower,2015,September,9,2479.0,2479.0,2479.0,2015-09,Osmanabad,Maharashtra,9,Rabi Crops,3300.0,1,safflower_Kalamb (Os)
20040,Kalamb (Os),safflower,2016,September,14,2489.0,2529.0,2489.0,2016-09,Osmanabad,Maharashtra,9,Rabi Crops,3300.0,1,safflower_Kalamb (Os)
20118,Kalamb (Os),safflower,2014,September,14,2380.0,2422.0,2415.0,2014-09,Osmanabad,Maharashtra,9,Rabi Crops,3050.0,1,safflower_Kalamb (Os)
15996,Kalamb (Os),safflower,2015,October,9,2331.0,2331.0,2331.0,2015-10,Osmanabad,Maharashtra,10,Rabi Crops,3300.0,1,safflower_Kalamb (Os)
20039,Kalamb (Os),safflower,2016,October,18,2491.0,2516.0,2506.0,2016-10,Osmanabad,Maharashtra,10,Rabi Crops,3300.0,1,safflower_Kalamb (Os)
20115,Kalamb (Os),safflower,2014,October,15,2323.0,2347.0,2347.0,2014-10,Osmanabad,Maharashtra,10,Rabi Crops,3050.0,1,safflower_Kalamb (Os)
15994,Kalamb (Os),safflower,2015,November,11,2302.0,2330.0,2330.0,2015-11,Osmanabad,Maharashtra,11,Rabi Crops,3300.0,1,safflower_Kalamb (Os)
20082,Kalamb (Os),safflower,2016,November,10,2431.0,2449.0,2449.0,2016-11,Osmanabad,Maharashtra,11,Rabi Crops,3300.0,1,safflower_Kalamb (Os)
20113,Kalamb (Os),safflower,2014,November,20,2335.0,2398.0,2397.0,2014-11,Osmanabad,Maharashtra,11,Rabi Crops,3050.0,1,safflower_Kalamb (Os)
15978,Kalamb (Os),safflower,2015,December,8,2397.0,2417.0,2417.0,2015-12,Osmanabad,Maharashtra,12,Rabi Crops,3300.0,1,safflower_Kalamb (Os)
20111,Kalamb (Os),safflower,2014,December,19,2335.0,2343.0,2343.0,2014-12,Osmanabad,Maharashtra,12,Rabi Crops,3050.0,1,safflower_Kalamb (Os)
15922,Kej,safflower,2015,October,1,3001.0,3180.0,3001.0,2015-10,Beed,Maharashtra,10,Rabi Crops,3300.0,1,safflower_Kej
15911,Kej,safflower,2015,December,1,3300.0,3300.0,3300.0,2015-12,Beed,Maharashtra,12,Rabi Crops,3300.0,1,safflower_Kej
19959,Khamgaon,safflower,2016,February,489,2260.0,2421.0,2357.0,2016-02,Buldhana,Maharashtra,2,Rabi Crops,3300.0,1,safflower_Khamgaon
19961,Khamgaon,safflower,2016,March,56,2217.0,2233.0,2223.0,2016-03,Buldhana,Maharashtra,3,Rabi Crops,3300.0,1,safflower_Khamgaon
19958,Khamgaon,safflower,2016,April,32,2735.0,2735.0,2735.0,2016-04,Buldhana,Maharashtra,4,Rabi Crops,3300.0,1,safflower_Khamgaon
15928,Khamgaon,safflower,2015,May,19,2067.0,2183.0,2125.0,2015-05,Buldhana,Maharashtra,5,Rabi Crops,3300.0,1,safflower_Khamgaon
15925,Khamgaon,safflower,2015,June,62,2400.0,2400.0,2400.0,2015-06,Buldhana,Maharashtra,6,Rabi Crops,3300.0,1,safflower_Khamgaon
15924,Khamgaon,safflower,2015,August,22,2100.0,2100.0,2100.0,2015-08,Buldhana,Maharashtra,8,Rabi Crops,3300.0,1,safflower_Khamgaon
15930,Khamgaon,safflower,2015,September,2,1600.0,1600.0,1600.0,2015-09,Buldhana,Maharashtra,9,Rabi Crops,3300.0,1,safflower_Khamgaon
15896,Lasur Station,safflower,2015,April,15,2434.0,2767.0,2501.0,2015-04,Aurangabad,Maharashtra,4,Rabi Crops,3300.0,1,safflower_Lasur Station
15903,Lasur Station,safflower,2015,May,28,2364.0,2436.0,2429.0,2015-05,Aurangabad,Maharashtra,5,Rabi Crops,3300.0,1,safflower_Lasur Station
15901,Lasur Station,safflower,2015,June,4,2250.0,2250.0,2250.0,2015-06,Aurangabad,Maharashtra,6,Rabi Crops,3300.0,1,safflower_Lasur Station
19936,Lasur Station,safflower,2016,June,5,2850.0,2850.0,2850.0,2016-06,Aurangabad,Maharashtra,6,Rabi Crops,3300.0,1,safflower_Lasur Station
15898,Lasur Station,safflower,2015,July,2,2000.0,2400.0,2400.0,2015-07,Aurangabad,Maharashtra,7,Rabi Crops,3300.0,1,safflower_Lasur Station
19992,Latur,safflower,2016,January,45,2550.0,2790.0,2660.0,2016-01,Latur,Maharashtra,1,Rabi Crops,3300.0,1,safflower_Latur
15952,Latur,safflower,2015,February,62,2561.0,2800.0,2700.0,2015-02,Latur,Maharashtra,2,Rabi Crops,3300.0,1,safflower_Latur
19987,Latur,safflower,2016,February,1906,2525.0,2799.0,2659.0,2016-02,Latur,Maharashtra,2,Rabi Crops,3300.0,1,safflower_Latur
20003,Latur,safflower,2016,March,2942,2554.0,2811.0,2686.0,2016-03,Latur,Maharashtra,3,Rabi Crops,3300.0,1,safflower_Latur
19978,Latur,safflower,2016,April,2104,2719.0,2933.0,2813.0,2016-04,Latur,Maharashtra,4,Rabi Crops,3300.0,1,safflower_Latur
15961,Latur,safflower,2015,May,188,2501.0,2815.0,2695.0,2015-05,Latur,Maharashtra,5,Rabi Crops,3300.0,1,safflower_Latur
20008,Latur,safflower,2016,May,1379,2661.0,2927.0,2786.0,2016-05,Latur,Maharashtra,5,Rabi Crops,3300.0,1,safflower_Latur
15958,Latur,safflower,2015,June,50,2615.0,2850.0,2720.0,2015-06,Latur,Maharashtra,6,Rabi Crops,3300.0,1,safflower_Latur
19999,Latur,safflower,2016,June,1241,2640.0,2902.0,2763.0,2016-06,Latur,Maharashtra,6,Rabi Crops,3300.0,1,safflower_Latur
19996,Latur,safflower,2016,July,95,2555.0,2806.0,2660.0,2016-07,Latur,Maharashtra,7,Rabi Crops,3300.0,1,safflower_Latur
19983,Latur,safflower,2016,August,148,2540.0,2831.0,2683.0,2016-08,Latur,Maharashtra,8,Rabi Crops,3300.0,1,safflower_Latur
20013,Latur,safflower,2016,September,381,2595.0,2832.0,2725.0,2016-09,Latur,Maharashtra,9,Rabi Crops,3300.0,1,safflower_Latur
20108,Latur,safflower,2014,September,715,2374.0,2731.0,2575.0,2014-09,Latur,Maharashtra,9,Rabi Crops,3050.0,1,safflower_Latur
15970,Latur,safflower,2015,October,19,2550.0,2810.0,2760.0,2015-10,Latur,Maharashtra,10,Rabi Crops,3300.0,1,safflower_Latur
20011,Latur,safflower,2016,October,303,2629.0,2885.0,2744.0,2016-10,Latur,Maharashtra,10,Rabi Crops,3300.0,1,safflower_Latur
20106,Latur,safflower,2014,October,386,2450.0,2741.0,2617.0,2014-10,Latur,Maharashtra,10,Rabi Crops,3050.0,1,safflower_Latur
15964,Latur,safflower,2015,November,28,2637.0,2864.0,2723.0,2015-11,Latur,Maharashtra,11,Rabi Crops,3300.0,1,safflower_Latur
20086,Latur,safflower,2016,November,183,2592.0,2819.0,2722.0,2016-11,Latur,Maharashtra,11,Rabi Crops,3300.0,1,safflower_Latur
20104,Latur,safflower,2014,November,289,2438.0,2831.0,2600.0,2014-11,Latur,Maharashtra,11,Rabi Crops,3050.0,1,safflower_Latur
15950,Latur,safflower,2015,December,68,2499.0,2766.0,2627.0,2015-12,Latur,Maharashtra,12,Rabi Crops,3300.0,1,safflower_Latur
19988,Latur-Murud,safflower,2016,February,30,2480.0,2480.0,2480.0,2016-02,Latur,Maharashtra,2,Rabi Crops,3300.0,1,safflower_Latur-Murud
20004,Latur-Murud,safflower,2016,March,63,2618.0,2618.0,2618.0,2016-03,Latur,Maharashtra,3,Rabi Crops,3300.0,1,safflower_Latur-Murud
19979,Latur-Murud,safflower,2016,April,34,2684.0,2684.0,2684.0,2016-04,Latur,Maharashtra,4,Rabi Crops,3300.0,1,safflower_Latur-Murud
20009,Latur-Murud,safflower,2016,May,33,2601.0,2738.0,2676.0,2016-05,Latur,Maharashtra,5,Rabi Crops,3300.0,1,safflower_Latur-Murud
20000,Latur-Murud,safflower,2016,June,3,4201.0,4201.0,4201.0,2016-06,Latur,Maharashtra,6,Rabi Crops,3300.0,1,safflower_Latur-Murud
19984,Latur-Murud,safflower,2016,August,5,2511.0,2511.0,2511.0,2016-08,Latur,Maharashtra,8,Rabi Crops,3300.0,1,safflower_Latur-Murud
15965,Latur-Murud,safflower,2015,November,10,2500.0,2500.0,2500.0,2015-11,Latur,Maharashtra,11,Rabi Crops,3300.0,1,safflower_Latur-Murud
20109,Loha,safflower,2014,December,6,2175.0,2175.0,2175.0,2014-12,Nanded,Maharashtra,12,Rabi Crops,3050.0,1,safflower_Loha
20030,Lohara,safflower,2016,January,3,2400.0,2400.0,2400.0,2016-01,Osmanabad,Maharashtra,1,Rabi Crops,3300.0,1,safflower_Lohara
20027,Lohara,safflower,2016,February,7,2480.0,2505.0,2480.0,2016-02,Osmanabad,Maharashtra,2,Rabi Crops,3300.0,1,safflower_Lohara
15979,Lohara,safflower,2015,December,1,2701.0,2701.0,2701.0,2015-12,Osmanabad,Maharashtra,12,Rabi Crops,3300.0,1,safflower_Lohara
19949,Majalgaon,safflower,2016,February,57,2650.0,3126.0,3100.0,2016-02,Beed,Maharashtra,2,Rabi Crops,3300.0,1,safflower_Majalgaon
19953,Majalgaon,safflower,2016,March,46,2269.0,2437.0,2357.0,2016-03,Beed,Maharashtra,3,Rabi Crops,3300.0,1,safflower_Majalgaon
19946,Majalgaon,safflower,2016,April,10,2300.0,2500.0,2400.0,2016-04,Beed,Maharashtra,4,Rabi Crops,3300.0,1,safflower_Majalgaon
15919,Majalgaon,safflower,2015,May,45,2500.0,2500.0,2500.0,2015-05,Beed,Maharashtra,5,Rabi Crops,3300.0,1,safflower_Majalgaon
16021,Mangrulpeer,safflower,2015,April,3,1800.0,1800.0,1800.0,2015-04,Wasim,Maharashtra,4,Rabi Crops,3300.0,1,safflower_Mangrulpeer
19967,Mantha,safflower,2016,February,4,2550.0,2550.0,2550.0,2016-02,Jalna,Maharashtra,2,Rabi Crops,3300.0,1,safflower_Mantha
19972,Mantha,safflower,2016,March,11,2400.0,2600.0,2550.0,2016-03,Jalna,Maharashtra,3,Rabi Crops,3300.0,1,safflower_Mantha
19964,Mantha,safflower,2016,April,7,2250.0,2350.0,2250.0,2016-04,Jalna,Maharashtra,4,Rabi Crops,3300.0,1,safflower_Mantha
15938,Mantha,safflower,2015,June,2,2550.0,2550.0,2550.0,2015-06,Jalna,Maharashtra,6,Rabi Crops,3300.0,1,safflower_Mantha
15936,Mantha,safflower,2015,July,7,2500.0,2525.0,2500.0,2015-07,Jalna,Maharashtra,7,Rabi Crops,3300.0,1,safflower_Mantha
20100,Mantha,safflower,2014,October,5,2240.0,2240.0,2240.0,2014-10,Jalna,Maharashtra,10,Rabi Crops,3050.0,1,safflower_Mantha
20098,Mantha,safflower,2014,November,5,2200.0,2305.0,2200.0,2014-11,Jalna,Maharashtra,11,Rabi Crops,3050.0,1,safflower_Mantha
20056,Manwat,safflower,2016,May,11,2801.0,2801.0,2801.0,2016-05,Parbhani,Maharashtra,5,Rabi Crops,3300.0,1,safflower_Manwat
20049,Manwat,safflower,2016,June,4,2633.0,2633.0,2633.0,2016-06,Parbhani,Maharashtra,6,Rabi Crops,3300.0,1,safflower_Manwat
15891,Murtizapur,safflower,2015,March,50,2401.0,2601.0,2500.0,2015-03,Akola,Maharashtra,3,Rabi Crops,3300.0,1,safflower_Murtizapur
19925,Murtizapur,safflower,2016,March,50,1750.0,1981.0,1860.0,2016-03,Akola,Maharashtra,3,Rabi Crops,3300.0,1,safflower_Murtizapur
15886,Murtizapur,safflower,2015,April,150,2500.0,2601.0,2550.0,2015-04,Akola,Maharashtra,4,Rabi Crops,3300.0,1,safflower_Murtizapur
15892,Murtizapur,safflower,2015,May,1150,2321.0,2728.0,2540.0,2015-05,Akola,Maharashtra,5,Rabi Crops,3300.0,1,safflower_Murtizapur
15888,Murtizapur,safflower,2015,July,100,1800.0,2201.0,2100.0,2015-07,Akola,Maharashtra,7,Rabi Crops,3300.0,1,safflower_Murtizapur
20116,Murum,safflower,2014,October,2,2550.0,2550.0,2550.0,2014-10,Osmanabad,Maharashtra,10,Rabi Crops,3050.0,1,safflower_Murum
20014,Naigaon,safflower,2016,February,3,2150.0,2150.0,2150.0,2016-02,Nanded,Maharashtra,2,Rabi Crops,3300.0,1,safflower_Naigaon
20015,Nanded,safflower,2016,June,20,2001.0,2375.0,2001.0,2016-06,Nanded,Maharashtra,6,Rabi Crops,3300.0,1,safflower_Nanded
20017,Nandurbar,safflower,2016,February,27,3250.0,3500.0,3375.0,2016-02,Nandurbar,Maharashtra,2,Rabi Crops,3300.0,1,safflower_Nandurbar
15974,Nandurbar,safflower,2015,March,86,2351.0,2500.0,2425.0,2015-03,Nandurbar,Maharashtra,3,Rabi Crops,3300.0,1,safflower_Nandurbar
20018,Nandurbar,safflower,2016,March,136,3767.0,4517.0,4200.0,2016-03,Nandurbar,Maharashtra,3,Rabi Crops,3300.0,1,safflower_Nandurbar
15973,Nandurbar,safflower,2015,April,23,2676.0,2676.0,2676.0,2015-04,Nandurbar,Maharashtra,4,Rabi Crops,3300.0,1,safflower_Nandurbar
20016,Nandurbar,safflower,2016,April,1,3600.0,3600.0,3600.0,2016-04,Nandurbar,Maharashtra,4,Rabi Crops,3300.0,1,safflower_Nandurbar
20005,Nilanga,safflower,2016,March,30,2583.0,2719.0,2660.0,2016-03,Latur,Maharashtra,3,Rabi Crops,3300.0,1,safflower_Nilanga
15966,Nilanga,safflower,2015,November,15,2521.0,2521.0,2521.0,2015-11,Latur,Maharashtra,11,Rabi Crops,3300.0,1,safflower_Nilanga
20031,Osmanabad,safflower,2016,January,5,2402.0,2402.0,2402.0,2016-01,Osmanabad,Maharashtra,1,Rabi Crops,3300.0,1,safflower_Osmanabad
20022,Osmanabad,safflower,2016,April,5,2700.0,2700.0,2700.0,2016-04,Osmanabad,Maharashtra,4,Rabi Crops,3300.0,1,safflower_Osmanabad
15916,Parli-Vaijnath,safflower,2015,March,4,2400.0,2400.0,2400.0,2015-03,Beed,Maharashtra,3,Rabi Crops,3300.0,1,safflower_Parli-Vaijnath
19954,Parli-Vaijnath,safflower,2016,March,39,2122.0,2610.0,2610.0,2016-03,Beed,Maharashtra,3,Rabi Crops,3300.0,1,safflower_Parli-Vaijnath
19947,Parli-Vaijnath,safflower,2016,April,30,2615.0,2615.0,2615.0,2016-04,Beed,Maharashtra,4,Rabi Crops,3300.0,1,safflower_Parli-Vaijnath
19956,Parli-Vaijnath,safflower,2016,May,11,2675.0,2675.0,2675.0,2016-05,Beed,Maharashtra,5,Rabi Crops,3300.0,1,safflower_Parli-Vaijnath
19950,Parli-Vaijnath,safflower,2016,July,3,2450.0,2450.0,2450.0,2016-07,Beed,Maharashtra,7,Rabi Crops,3300.0,1,safflower_Parli-Vaijnath
20096,Parli-Vaijnath,safflower,2014,September,24,2100.0,2100.0,2100.0,2014-09,Beed,Maharashtra,9,Rabi Crops,3050.0,1,safflower_Parli-Vaijnath
19957,Parli-Vaijnath,safflower,2016,October,3,2700.0,2700.0,2700.0,2016-10,Beed,Maharashtra,10,Rabi Crops,3300.0,1,safflower_Parli-Vaijnath
15920,Parli-Vaijnath,safflower,2015,November,3,2811.0,2811.0,2811.0,2015-11,Beed,Maharashtra,11,Rabi Crops,3300.0,1,safflower_Parli-Vaijnath
20052,Pathari,safflower,2016,March,2,1791.0,2411.0,2101.0,2016-03,Parbhani,Maharashtra,3,Rabi Crops,3300.0,1,safflower_Pathari
20064,Pune-Pimpri,safflower,2016,June,350,300.0,400.0,366.0,2016-06,Pune,Maharashtra,6,Rabi Crops,3300.0,1,safflower_Pune-Pimpri
20047,Purna,safflower,2016,February,1,2325.0,2325.0,2325.0,2016-02,Parbhani,Maharashtra,2,Rabi Crops,3300.0,1,safflower_Purna
16007,Purna,safflower,2015,March,3,2435.0,2435.0,2435.0,2015-03,Parbhani,Maharashtra,3,Rabi Crops,3300.0,1,safflower_Purna
20053,Purna,safflower,2016,March,1,2250.0,2250.0,2250.0,2016-03,Parbhani,Maharashtra,3,Rabi Crops,3300.0,1,safflower_Purna
20043,Purna,safflower,2016,April,6,2184.0,2184.0,2184.0,2016-04,Parbhani,Maharashtra,4,Rabi Crops,3300.0,1,safflower_Purna
20057,Purna,safflower,2016,May,9,2396.0,2396.0,2396.0,2016-05,Parbhani,Maharashtra,5,Rabi Crops,3300.0,1,safflower_Purna
16002,Purna,safflower,2015,August,1,2300.0,2300.0,2300.0,2015-08,Parbhani,Maharashtra,8,Rabi Crops,3300.0,1,safflower_Purna
15883,Rahuri-Vambori,safflower,2015,February,1,2500.0,2500.0,2500.0,2015-02,Ahmadnagar,Maharashtra,2,Rabi Crops,3300.0,1,safflower_Rahuri-Vambori
20090,Rahuri-Vambori,safflower,2014,September,1,2199.0,2199.0,2199.0,2014-09,Ahmadnagar,Maharashtra,9,Rabi Crops,3050.0,1,safflower_Rahuri-Vambori
16008,Sailu,safflower,2015,March,3,2721.0,2721.0,2721.0,2015-03,Parbhani,Maharashtra,3,Rabi Crops,3300.0,1,safflower_Sailu
15927,Shegaon,safflower,2015,March,2,2650.0,2650.0,2650.0,2015-03,Buldhana,Maharashtra,3,Rabi Crops,3300.0,1,safflower_Shegaon
15929,Shegaon,safflower,2015,May,5,2600.0,2600.0,2600.0,2015-05,Buldhana,Maharashtra,5,Rabi Crops,3300.0,1,safflower_Shegaon
19962,Shegaon,safflower,2016,May,5,1765.0,1765.0,1765.0,2016-05,Buldhana,Maharashtra,5,Rabi Crops,3300.0,1,safflower_Shegaon
15926,Shegaon,safflower,2015,June,6,2200.0,2200.0,2200.0,2015-06,Buldhana,Maharashtra,6,Rabi Crops,3300.0,1,safflower_Shegaon
19960,Shegaon,safflower,2016,June,10,1870.0,1870.0,1870.0,2016-06,Buldhana,Maharashtra,6,Rabi Crops,3300.0,1,safflower_Shegaon
20061,Shirur,safflower,2016,April,2,2900.0,2900.0,2900.0,2016-04,Pune,Maharashtra,4,Rabi Crops,3300.0,1,safflower_Shirur
16016,Shirur,safflower,2015,September,1,2500.0,2500.0,2500.0,2015-09,Pune,Maharashtra,9,Rabi Crops,3300.0,1,safflower_Shirur
15884,Shrirampur,safflower,2015,March,2,2601.0,2601.0,2601.0,2015-03,Ahmadnagar,Maharashtra,3,Rabi Crops,3300.0,1,safflower_Shrirampur
15882,Shrirampur,safflower,2015,April,1,2401.0,2401.0,2401.0,2015-04,Ahmadnagar,Maharashtra,4,Rabi Crops,3300.0,1,safflower_Shrirampur
19921,Shrirampur,safflower,2016,May,3,2330.0,2450.0,2400.0,2016-05,Ahmadnagar,Maharashtra,5,Rabi Crops,3300.0,1,safflower_Shrirampur
19920,Shrirampur,safflower,2016,June,1,2400.0,2400.0,2400.0,2016-06,Ahmadnagar,Maharashtra,6,Rabi Crops,3300.0,1,safflower_Shrirampur
19922,Shrirampur,safflower,2016,September,1,2500.0,2500.0,2500.0,2016-09,Ahmadnagar,Maharashtra,9,Rabi Crops,3300.0,1,safflower_Shrirampur
19929,Sillod,safflower,2016,April,5,3000.0,3200.0,3100.0,2016-04,Aurangabad,Maharashtra,4,Rabi Crops,3300.0,1,safflower_Sillod
19940,Sillod,safflower,2016,May,20,2000.0,2400.0,2300.0,2016-05,Aurangabad,Maharashtra,5,Rabi Crops,3300.0,1,safflower_Sillod
15899,Sillod,safflower,2015,July,2,1900.0,2100.0,2000.0,2015-07,Aurangabad,Maharashtra,7,Rabi Crops,3300.0,1,safflower_Sillod
19943,Sillod,safflower,2016,September,12,2650.0,2900.0,2800.0,2016-09,Aurangabad,Maharashtra,9,Rabi Crops,3300.0,1,safflower_Sillod
15906,Sillod,safflower,2015,October,4,2000.0,2200.0,2100.0,2015-10,Aurangabad,Maharashtra,10,Rabi Crops,3300.0,1,safflower_Sillod
19937,Sillod-Bharadi,safflower,2016,June,3,2421.0,2421.0,2421.0,2016-06,Aurangabad,Maharashtra,6,Rabi Crops,3300.0,1,safflower_Sillod-Bharadi
19934,Sillod-Bharadi,safflower,2016,July,2,2301.0,2301.0,2301.0,2016-07,Aurangabad,Maharashtra,7,Rabi Crops,3300.0,1,safflower_Sillod-Bharadi
15897,Sillod-Bharadi,safflower,2015,August,4,2171.0,2171.0,2171.0,2015-08,Aurangabad,Maharashtra,8,Rabi Crops,3300.0,1,safflower_Sillod-Bharadi
19931,Sillod-Bharadi,safflower,2016,August,1,2375.0,2375.0,2375.0,2016-08,Aurangabad,Maharashtra,8,Rabi Crops,3300.0,1,safflower_Sillod-Bharadi
20091,Sillod-Bharadi,safflower,2014,November,13,2270.0,2428.0,2352.0,2014-11,Aurangabad,Maharashtra,11,Rabi Crops,3050.0,1,safflower_Sillod-Bharadi
20019,Sinner,safflower,2016,February,2,3200.0,3200.0,3200.0,2016-02,Nasik,Maharashtra,2,Rabi Crops,3300.0,1,safflower_Sinner
20020,Sinner,safflower,2016,May,1,2700.0,2700.0,2700.0,2016-05,Nasik,Maharashtra,5,Rabi Crops,3300.0,1,safflower_Sinner
20110,Sinner,safflower,2014,November,1,3301.0,3301.0,3301.0,2014-11,Nasik,Maharashtra,11,Rabi Crops,3050.0,1,safflower_Sinner
20048,Sonpeth,safflower,2016,February,62,2544.0,2608.0,2587.0,2016-02,Parbhani,Maharashtra,2,Rabi Crops,3300.0,1,safflower_Sonpeth
20054,Sonpeth,safflower,2016,March,82,2611.0,2712.0,2662.0,2016-03,Parbhani,Maharashtra,3,Rabi Crops,3300.0,1,safflower_Sonpeth
20044,Sonpeth,safflower,2016,April,29,2650.0,2697.0,2670.0,2016-04,Parbhani,Maharashtra,4,Rabi Crops,3300.0,1,safflower_Sonpeth
20058,Sonpeth,safflower,2016,May,13,2764.0,2773.0,2768.0,2016-05,Parbhani,Maharashtra,5,Rabi Crops,3300.0,1,safflower_Sonpeth
20050,Sonpeth,safflower,2016,June,8,2692.0,2695.0,2693.0,2016-06,Parbhani,Maharashtra,6,Rabi Crops,3300.0,1,safflower_Sonpeth
20045,Sonpeth,safflower,2016,August,3,2576.0,2576.0,2576.0,2016-08,Parbhani,Maharashtra,8,Rabi Crops,3300.0,1,safflower_Sonpeth
20128,Sonpeth,safflower,2014,September,2,2350.0,2350.0,2350.0,2014-09,Parbhani,Maharashtra,9,Rabi Crops,3050.0,1,safflower_Sonpeth
20060,Sonpeth,safflower,2016,October,10,4082.0,4082.0,4082.0,2016-10,Parbhani,Maharashtra,10,Rabi Crops,3300.0,1,safflower_Sonpeth
20126,Sonpeth,safflower,2014,October,6,2500.0,2617.0,2567.0,2014-10,Parbhani,Maharashtra,10,Rabi Crops,3050.0,1,safflower_Sonpeth
20123,Sonpeth,safflower,2014,November,1,2300.0,2300.0,2300.0,2014-11,Parbhani,Maharashtra,11,Rabi Crops,3050.0,1,safflower_Sonpeth
15990,Tuljapur,safflower,2015,March,2,2759.0,2759.0,2759.0,2015-03,Osmanabad,Maharashtra,3,Rabi Crops,3300.0,1,safflower_Tuljapur
19993,Udgir,safflower,2016,January,3,2500.0,2600.0,2600.0,2016-01,Latur,Maharashtra,1,Rabi Crops,3300.0,1,safflower_Udgir
19989,Udgir,safflower,2016,February,52,2705.0,2735.0,2735.0,2016-02,Latur,Maharashtra,2,Rabi Crops,3300.0,1,safflower_Udgir
20006,Udgir,safflower,2016,March,117,2634.0,2681.0,2680.0,2016-03,Latur,Maharashtra,3,Rabi Crops,3300.0,1,safflower_Udgir
19980,Udgir,safflower,2016,April,194,4315.0,4422.0,4422.0,2016-04,Latur,Maharashtra,4,Rabi Crops,3300.0,1,safflower_Udgir
20010,Udgir,safflower,2016,May,45,2771.0,2831.0,2831.0,2016-05,Latur,Maharashtra,5,Rabi Crops,3300.0,1,safflower_Udgir
15967,Udgir,safflower,2015,November,4,2500.0,2600.0,2600.0,2015-11,Latur,Maharashtra,11,Rabi Crops,3300.0,1,safflower_Udgir
15984,Umarga,safflower,2015,January,14,2433.0,2447.0,2440.0,2015-01,Osmanabad,Maharashtra,1,Rabi Crops,3300.0,1,safflower_Umarga
20032,Umarga,safflower,2016,January,13,2550.0,2593.0,2550.0,2016-01,Osmanabad,Maharashtra,1,Rabi Crops,3300.0,1,safflower_Umarga
15982,Umarga,safflower,2015,February,13,2428.0,2653.0,2625.0,2015-02,Osmanabad,Maharashtra,2,Rabi Crops,3300.0,1,safflower_Umarga
20028,Umarga,safflower,2016,February,11,2423.0,2530.0,2423.0,2016-02,Osmanabad,Maharashtra,2,Rabi Crops,3300.0,1,safflower_Umarga
15991,Umarga,safflower,2015,March,74,2521.0,2665.0,2620.0,2015-03,Osmanabad,Maharashtra,3,Rabi Crops,3300.0,1,safflower_Umarga
20037,Umarga,safflower,2016,March,18,2447.0,2513.0,2479.0,2016-03,Osmanabad,Maharashtra,3,Rabi Crops,3300.0,1,safflower_Umarga
15976,Umarga,safflower,2015,April,42,2658.0,2774.0,2707.0,2015-04,Osmanabad,Maharashtra,4,Rabi Crops,3300.0,1,safflower_Umarga
20023,Umarga,safflower,2016,April,6,2673.0,2673.0,2673.0,2016-04,Osmanabad,Maharashtra,4,Rabi Crops,3300.0,1,safflower_Umarga
15993,Umarga,safflower,2015,May,55,2423.0,2573.0,2487.0,2015-05,Osmanabad,Maharashtra,5,Rabi Crops,3300.0,1,safflower_Umarga
15988,Umarga,safflower,2015,June,53,2400.0,2505.0,2444.0,2015-06,Osmanabad,Maharashtra,6,Rabi Crops,3300.0,1,safflower_Umarga
20035,Umarga,safflower,2016,June,2,2550.0,2550.0,2550.0,2016-06,Osmanabad,Maharashtra,6,Rabi Crops,3300.0,1,safflower_Umarga
15986,Umarga,safflower,2015,July,1,2300.0,2300.0,2300.0,2015-07,Osmanabad,Maharashtra,7,Rabi Crops,3300.0,1,safflower_Umarga
20025,Umarga,safflower,2016,August,3,2600.0,2600.0,2600.0,2016-08,Osmanabad,Maharashtra,8,Rabi Crops,3300.0,1,safflower_Umarga
15999,Umarga,safflower,2015,September,4,2524.0,2584.0,2524.0,2015-09,Osmanabad,Maharashtra,9,Rabi Crops,3300.0,1,safflower_Umarga
20041,Umarga,safflower,2016,September,6,2800.0,2800.0,2800.0,2016-09,Osmanabad,Maharashtra,9,Rabi Crops,3300.0,1,safflower_Umarga
20119,Umarga,safflower,2014,September,37,2369.0,2514.0,2461.0,2014-09,Osmanabad,Maharashtra,9,Rabi Crops,3050.0,1,safflower_Umarga
15997,Umarga,safflower,2015,October,6,2601.0,2601.0,2601.0,2015-10,Osmanabad,Maharashtra,10,Rabi Crops,3300.0,1,safflower_Umarga
20117,Umarga,safflower,2014,October,8,2384.0,2451.0,2417.0,2014-10,Osmanabad,Maharashtra,10,Rabi Crops,3050.0,1,safflower_Umarga
15995,Umarga,safflower,2015,November,2,2606.0,2606.0,2606.0,2015-11,Osmanabad,Maharashtra,11,Rabi Crops,3300.0,1,safflower_Umarga
20114,Umarga,safflower,2014,November,2,2400.0,2480.0,2400.0,2014-11,Osmanabad,Maharashtra,11,Rabi Crops,3050.0,1,safflower_Umarga
15980,Umarga,safflower,2015,December,2,2600.0,2641.0,2600.0,2015-12,Osmanabad,Maharashtra,12,Rabi Crops,3300.0,1,safflower_Umarga
20112,Umarga,safflower,2014,December,3,2325.0,2325.0,2325.0,2014-12,Osmanabad,Maharashtra,12,Rabi Crops,3050.0,1,safflower_Umarga
19933,Vaijapur,safflower,2016,January,1,3000.0,3000.0,3000.0,2016-01,Aurangabad,Maharashtra,1,Rabi Crops,3300.0,1,safflower_Vaijapur
19932,Vaijapur,safflower,2016,February,5,2470.0,2470.0,2470.0,2016-02,Aurangabad,Maharashtra,2,Rabi Crops,3300.0,1,safflower_Vaijapur
19939,Vaijapur,safflower,2016,March,12,2497.0,2497.0,2497.0,2016-03,Aurangabad,Maharashtra,3,Rabi Crops,3300.0,1,safflower_Vaijapur
19930,Vaijapur,safflower,2016,April,3,2850.0,2850.0,2850.0,2016-04,Aurangabad,Maharashtra,4,Rabi Crops,3300.0,1,safflower_Vaijapur
15904,Vaijapur,safflower,2015,May,6,2650.0,2650.0,2650.0,2015-05,Aurangabad,Maharashtra,5,Rabi Crops,3300.0,1,safflower_Vaijapur
19941,Vaijapur,safflower,2016,May,14,2814.0,2871.0,2871.0,2016-05,Aurangabad,Maharashtra,5,Rabi Crops,3300.0,1,safflower_Vaijapur
15902,Vaijapur,safflower,2015,June,3,2564.0,2564.0,2564.0,2015-06,Aurangabad,Maharashtra,6,Rabi Crops,3300.0,1,safflower_Vaijapur
19938,Vaijapur,safflower,2016,June,3,2884.0,2884.0,2884.0,2016-06,Aurangabad,Maharashtra,6,Rabi Crops,3300.0,1,safflower_Vaijapur
15900,Vaijapur,safflower,2015,July,1,2600.0,2600.0,2600.0,2015-07,Aurangabad,Maharashtra,7,Rabi Crops,3300.0,1,safflower_Vaijapur
19935,Vaijapur,safflower,2016,July,2,2800.0,2800.0,2800.0,2016-07,Aurangabad,Maharashtra,7,Rabi Crops,3300.0,1,safflower_Vaijapur
19944,Vaijapur,safflower,2016,September,2,2400.0,2450.0,2450.0,2016-09,Aurangabad,Maharashtra,9,Rabi Crops,3300.0,1,safflower_Vaijapur
15907,Vaijapur,safflower,2015,October,2,2763.0,2763.0,2763.0,2015-10,Aurangabad,Maharashtra,10,Rabi Crops,3300.0,1,safflower_Vaijapur
19942,Vaijapur,safflower,2016,October,4,2308.0,2445.0,2445.0,2016-10,Aurangabad,Maharashtra,10,Rabi Crops,3300.0,1,safflower_Vaijapur
20092,Vaijapur,safflower,2014,October,1,2500.0,2500.0,2500.0,2014-10,Aurangabad,Maharashtra,10,Rabi Crops,3050.0,1,safflower_Vaijapur
15905,Vaijapur,safflower,2015,November,1,1000.0,1000.0,1000.0,2015-11,Aurangabad,Maharashtra,11,Rabi Crops,3300.0,1,safflower_Vaijapur
20085,Vaijapur,safflower,2016,November,3,2600.0,2600.0,2600.0,2016-11,Aurangabad,Maharashtra,11,Rabi Crops,3300.0,1,safflower_Vaijapur
16024,Washim,safflower,2015,July,3,2500.0,2600.0,2550.0,2015-07,Wasim,Maharashtra,7,Rabi Crops,3300.0,1,safflower_Washim
16022,Washim,safflower,2015,August,6,2000.0,2000.0,2000.0,2015-08,Wasim,Maharashtra,8,Rabi Crops,3300.0,1,safflower_Washim
16025,Washim,safflower,2015,October,16,1790.0,1790.0,1790.0,2015-10,Wasim,Maharashtra,10,Rabi Crops,3300.0,1,safflower_Washim
20132,Washim,safflower,2014,October,2,2100.0,2200.0,2150.0,2014-10,Wasim,Maharashtra,10,Rabi Crops,3050.0,1,safflower_Washim
16023,Washim,safflower,2015,December,2,1031.0,1031.0,1031.0,2015-12,Wasim,Maharashtra,12,Rabi Crops,3300.0,1,safflower_Washim
20131,Washim,safflower,2014,December,2,2900.0,3000.0,2950.0,2014-12,Wasim,Maharashtra,12,Rabi Crops,3050.0,1,safflower_Washim
